[
  {
    "name": "theme_info",
    "theme_name": "ShopBotfy®",
    "theme_author": "google.com.br",
    "theme_version": "4.6",
    "theme_documentation_url": "https://google.com.br/",
    "theme_support_url": "https://google.com.br/"
  },
  {
    "name": "Color",
    "settings": [
      {
        "type": "header",
        "content": "Geral",
        "info": "Tema original [ShopBotfy](https://google.com.br/tema) licencia oficial."
      },
      {
        "type": "color",
        "id": "heading_color",
        "label": "Títulos",
        "default": "#1c1b1b"
      },
      {
        "type": "color",
        "id": "text_color",
        "label": "Cuerpo de textos",
        "default": "#677279"
      },
      {
        "type": "color",
        "id": "accent_color",
        "label": "Acento",
        "default": "#00badb"
      },
      {
        "type": "color",
        "id": "link_color",
        "label": "Color del enlace",
        "default": "#838383"
      },
      {
        "type": "color",
        "id": "border_color",
        "label": "Bordes",
        "default": "#e1e3e4"
      },
      {
        "type": "color",
        "id": "background",
        "label": "Background",
        "default": "#f3f5f6"
      },
      {
        "type": "color",
        "id": "secondary_background",
        "label": "Secondary background",
        "info": "For best results, secondary background must not be too far from primary background",
        "default": "#ffffff"
      },
      {
        "type": "color",
        "id": "error_color",
        "label": "Mensajes de error",
        "default": "#ff0000"
      },
      {
        "type": "color",
        "id": "success_color",
        "label": "Mensajes de éxito",
        "default": "#00aa00"
      },
      {
        "type": "header",
        "content": "Botón principal"
      },
      {
        "type": "color",
        "id": "primary_button_background",
        "label": "Background",
        "default": "#00badb"
      },
      {
        "type": "color",
        "id": "primary_button_text_color",
        "label": "Texto",
        "default": "#ffffff"
      },
      {
        "type": "header",
        "content": "Botón secundario"
      },
      {
        "type": "color",
        "id": "secondary_button_background",
        "label": "Background",
        "default": "#1e2d7d"
      },
      {
        "type": "color",
        "id": "secondary_button_text_color",
        "label": "Texto",
        "default": "#ffffff"
      },
      {
        "type": "header",
        "content": "Zócalo"
      },
      {
        "type": "color",
        "id": "footer_background",
        "label": "Color de pie de página",
        "default": "#ff0000"
      },
      {
        "type": "color",
        "id": "footer_text_color",
        "label": "Textos de pie de página",
        "default": "#ff0000"
      },
      {
        "type": "header",
        "content": "Encabezamiento"
      },
      {
        "type": "color",
        "id": "header_background",
        "label": "Color de fondo",
        "default": "#1e2d7d"
      },
      {
        "type": "color",
        "id": "header_text_color",
        "label": "Texto",
        "default": "#ffffff"
      },
      {
        "type": "color",
        "id": "header_light_text_color",
        "label": "Textos secundarios",
        "default": "#ffffff"
      },
      {
        "type": "color",
        "id": "header_accent_color",
        "label": "Acento",
        "default": "#00badb"
      },
      {
        "type": "header",
        "content": "Productos"
      },
      {
        "type": "color",
        "id": "product_on_sale_accent",
        "label": "Guardar barra",
        "default": "#ee0000"
      },
      {
        "type": "color",
        "id": "product_cor_do_preco_semdesc",
        "label": "Color del precio",
        "default": "#1fc06f"
      },
      {
        "type": "color",
        "id": "product_cor_do_preco",
        "label": "Color de precio rebajado",
        "default": "#1fc06f"
      },
      {
        "type": "color",
        "id": "product_cor_do_preco_riscado",
        "label": "Color del precio tachado",
        "default": "#1fc06f"
      },
      {
        "type": "color",
        "id": "product_cor_dos_titles",
        "label": "Títulos de información",
        "default": "#0086ff"
      },
      {
        "type": "color",
        "id": "product_in_stock_color",
        "label": "En stock",
        "default": "#00a500"
      },
      {
        "type": "color",
        "id": "product_low_stock_color",
        "label": "Pocas existencias",
        "default": "#ee0000"
      },
      {
        "type": "color",
        "id": "product_sold_out_color",
        "label": "Agotado",
        "default": "#8a9297"
      },
      {
        "type": "color",
        "id": "product_label_1_background",
        "label": "Fondo de etiqueta personalizada 1",
        "default": "#0774d7"
      },
      {
        "type": "color",
        "id": "product_label_2_background",
        "label": "Fondo de etiqueta personalizada 2",
        "default": "#00a500"
      },
      {
        "type": "color",
        "id": "product_star_color",
        "label": "Estrella de revisión",
        "default": "#ffbd00"
      }
    ]
  },
  {
    "name": "Bloqueadores",
    "settings": [
      {
        "type": "header",
        "content": "Funções",
        "info": "Tema original [ShopBotfy](https://google.com.br/tema) licencia oficial"
      },
      {
        "type": "checkbox",
        "id": "ali_hunter_enable",
        "label": "Bloquear AliHunter",
        "default": true
      },
      {
        "type": "checkbox",
        "id": "botao_direito_enable",
        "label": "Bloquear botón derecho",
        "default": true
      },
      {
        "type": "checkbox",
        "id": "atalho_f12_enable",
        "label": "Bloquear botón F12",
        "default": true
      },
      {
        "type": "checkbox",
        "id": "selecionar_conteudo_enable",
        "label": "Bloquear selección de contenido",
        "default": true
      }
    ]
  },
  {
    "name": "Whatsapp",
    "settings": [
      {
        "type": "header",
        "content": "Botón WhatsApp",
        "info": "Tema original [ShopBotfy](https://google.com.br/tema). Si lo compra en sitios web de terceros sin una licencia oficial, estará sujeto a acciones legales"
      },
      {
        "type": "checkbox",
        "id": "addzap",
        "label": "Activa el botón de WhatsApp en la web",
        "default": false
      },
      {
        "type": "textarea",
        "id": "numberzap",
        "label": "Número de WhatsApp",
        "info": "Se debe ingresar el número que recibirá el mensaje con el código del país - seguido del código del estado y luego el número con el prefijo incluido."
      },
      {
        "type": "textarea",
        "id": "titlezap",
        "label": "Título del cuadro y subtítulo",
        "info": "Personalizar la escritura del cuadro de mensaje"
      },
      {
        "type": "color",
        "id": "colorzap",
        "label": "Selecciona el color de la Caja",
        "info": "Cambiar el color de fondo",
        "default": "#25D366"
      },
      {
        "type": "textarea",
        "id": "chatzap",
        "label": "Texto del mensaje",
        "info": "Personaliza la escritura en el chat"
      },
      {
        "type": "textarea",
        "id": "digizap",
        "label": "Texto donde escribirás",
        "info": "O texto que mostra para o cliente"
      },
      {
        "type": "header",
        "content": "Equipo ShopBotfy"
      },
      {
        "type": "paragraph",
        "content": "Código proporcionado por [ShopBotfy](https://google.com.br/) ¡Gracias por apoyarnos!"
      }
    ]
  },
  {
    "name": "Tipografía",
    "settings": [
      {
        "type": "range",
        "id": "base_text_font_size",
        "label": "Base size",
        "info": "All texts, including headings, will scale accordingly.",
        "min": 14,
        "max": 17,
        "unit": "px",
        "default": 15
      },
      {
        "type": "header",
        "content": "Headings"
      },
      {
        "type": "font_picker",
        "id": "heading_font",
        "label": "Font",
        "default": "helvetica_n4"
      },
      {
        "type": "header",
        "content": "Texto del cuerpo"
      },
      {
        "type": "font_picker",
        "id": "text_font",
        "label": "Font",
        "default": "helvetica_n4"
      },
      {
        "type": "checkbox",
        "id": "underline_links",
        "label": "Enlaces subrayados",
        "info": "Only applies to links defined in rich text fields.",
        "default": false
      }
    ]
  },
  {
    "name": "Animacioness",
    "settings": [
      {
        "type": "checkbox",
        "id": "animation_image_zoom",
        "label": "Habilitar zoom de imagen al pasar el mouse",
        "default": true
      }
    ]
  },
  {
    "name": "Buscar",
    "settings": [
      {
        "type": "select",
        "id": "search_mode",
        "label": "Buscar sólo...",
        "options": [
          {
            "value": "product",
            "label": "Solo productos"
          },
          {
            "value": "product,page",
            "label": "Productos y páginas"
          },
          {
            "value": "product,article",
            "label": "Productos y publicaciones de blog"
          },
          {
            "value": "product,article,page",
            "label": "Productos, publicaciones de blogs y páginas"
          }
        ],
        "default": "product,article"
      }
    ]
  },
  {
    "name": "Cuadrícula de productos",
    "settings": [
      {
        "type": "header",
        "content": "Barra de envío gratis",
        "info": "Tema original [ShopBotfy](https://google.com.br/tema) licencia oficial"
      },
      {
        "type": "checkbox",
        "id": "mostrar_fretegratis1",
        "label": "Mostrar envío gratis",
        "default": true
      },
      {
        "type": "color",
        "id": "cordabarra",
        "label": "Color de la barra",
        "default": "#ffffff"
      },
      {
        "type": "color",
        "id": "cordotexto",
        "label": "Color del texto",
        "default": "#ffffff"
      },
      {
        "type": "header",
        "content": "Cuotas",
        "info": "Configure el interés de la página del producto y la cuadrícula de productos y si debe mostrarse como Interés o Sin interés."
      },
      {
        "type": "select",
        "id": "mostrar_parcelascomo",
        "label": "Informar interés en las cuotas",
        "options": [
          {
            "value": "info_juros",
            "label": "Denunciar interés"
          },
          {
            "value": "info_sem_juros",
            "label": "Informar sin intereses"
          },
          {
            "value": "no_info_juros",
            "label": "Ocultar interés"
          }
        ],
        "default": "info_juros"
      },
      {
        "type": "text",
        "id": "porcentagem_de_juros",
        "label": "Ingrese el porcentaje de interés",
        "info": "Ingrese el valor porcentual a partir del número 1 y el punto"
      },
      {
        "type": "range",
        "id": "qty_vezes",
        "label": "Cuantas veces",
        "min": 1,
        "max": 12,
        "step": 1,
        "default": 1
      },
      {
        "type": "header",
        "content": "Estrellas"
      },
      {
        "type": "checkbox",
        "id": "mostrar_estrelas_ryviu",
        "label": "Mostrar estrellas Ryviu",
        "default": true
      },
      {
        "type": "checkbox",
        "id": "mostrar_estrelas",
        "label": "Mostrar 5 estrellas",
        "default": true
      },
      {
        "type": "color",
        "id": "corstars",
        "label": "Color de las estrellas",
        "default": "#ffffff"
      },
      {
        "type": "header",
        "content": "Imagen del Black Friday",
        "info": "Para activar la imagen de un producto específico en el carrusel de productos, debes agregar la siguiente ETIQUETA EN EL PRODUCTO: blackfriday"
      },
      {
        "type": "checkbox",
        "id": "mostrar_bfimg",
        "label": "Mostrar imagen Black Friday",
        "default": true
      },
      {
        "type": "header",
        "content": "Otros"
      },
      {
        "type": "checkbox",
        "id": "show_vendor",
        "label": "Mostrar vendedor",
        "default": false
      },
      {
        "type": "checkbox",
        "id": "show_secondary_image",
        "label": "Mostrar imagen secundaria al pasar el mouse",
        "default": false
      },
      {
        "type": "checkbox",
        "id": "show_discount",
        "label": "Mostrar descuento",
        "default": true
      },
      {
        "type": "select",
        "id": "discount_mode",
        "label": "Mostrar descuento como...",
        "options": [
          {
            "value": "percentage",
            "label": "Porcentaje"
          },
          {
            "value": "saving",
            "label": "Salvado"
          }
        ],
        "default": "saving"
      },
      {
        "type": "select",
        "id": "product_price_position",
        "label": "Posición de precio",
        "options": [
          {
            "value": "before_title",
            "label": "Antes del título del producto"
          },
          {
            "value": "after_title",
            "label": "Después del título del producto"
          }
        ],
        "default": "after_title"
      },
      {
        "type": "select",
        "id": "product_image_size",
        "label": "Tamaño de la imagen del producto",
        "options": [
          {
            "value": "natural",
            "label": "Natural"
          },
          {
            "value": "short",
            "label": "Short (4:3)"
          },
          {
            "value": "square",
            "label": "Square (1:1)"
          },
          {
            "value": "tall",
            "label": "Tall (2:3)"
          }
        ],
        "default": "natural"
      },
      {
        "type": "checkbox",
        "id": "show_color_swatch",
        "label": "Mostrar muestra de color",
        "info": "¿Los colores aparecen blancos? [Más información](http://support.maestrooo.com/article/80-product-uploading-custom-color-for-color-swatch)",
        "default": false
      },
      {
        "type": "checkbox",
        "id": "show_inventory_quantity",
        "label": "Mostrar inventario",
        "default": false
      },
      {
        "type": "range",
        "id": "low_inventory_threshold",
        "label": "Umbral de inventario bajo",
        "info": "Muestre la cantidad de inventario en rojo cuando la cantidad esté por debajo del umbral. Elija 0 para mostrar siempre en stock si está disponible.",
        "min": 0,
        "max": 100,
        "step": 1,
        "default": 0
      },
      {
        "type": "checkbox",
        "id": "show_reviews_badge",
        "label": "Mostrar insignia de reseñas",
        "info": "Debes instalar la aplicación [Reseñas de productos gratuitas de Shopify](https://apps.shopify.com/product-reviews) antes de habilitar esta opción.",
        "default": false
      }
    ]
  },
  {
    "name": "Carro",
    "settings": [
      {
        "type": "select",
        "id": "cart_type",
        "label": "Tipo de carrito",
        "options": [
          {
            "value": "drawer",
            "label": "Drawer"
          },
          {
            "value": "page",
            "label": "Page"
          }
        ],
        "default": "drawer"
      },
      {
        "type": "url",
        "id": "cart_empty_button_link",
        "label": "Enlace de botón vacío",
        "default": "/collections/all"
      },
      {
        "type": "checkbox",
        "id": "cart_show_free_shipping_threshold",
        "label": "Mostrar importe mínimo de envío gratis",
        "info": "Asegúrese de haber configurado correctamente sus [tarifas de envío](/admin/settings/shipping).",
        "default": false
      },
      {
        "type": "text",
        "id": "cart_free_shipping_threshold",
        "label": "Cantidad mínima de envío gratis",
        "info": "Escriba solo un número, no letras. La redacción se puede cambiar en [configuración de idioma] (https://support.maestrooo.com/article/55-changing-themes-wording).",
        "default": "50"
      }
    ]
  },
  {
    "name": "Redes Sociales",
    "settings": [
      {
        "type": "header",
        "content": "Accounts"
      },
      {
        "type": "text",
        "id": "social_facebook",
        "info": "https://www.facebook.com/shopify",
        "label": "Facebook"
      },
      {
        "type": "text",
        "id": "social_twitter",
        "info": "https://twitter.com/shopify",
        "label": "Twitter"
      },
      {
        "type": "text",
        "id": "social_pinterest",
        "info": "https://www.pinterest.com/shopify",
        "label": "Pinterest"
      },
      {
        "type": "text",
        "id": "social_instagram",
        "info": "https://instagram.com/shopify",
        "label": "Instagram"
      },
      {
        "type": "text",
        "id": "social_vimeo",
        "info": "https://vimeo.com/shopify",
        "label": "Vimeo"
      },
      {
        "type": "text",
        "id": "social_tumblr",
        "info": "https://shopify.tumblr.com",
        "label": "Tumblr"
      },
      {
        "type": "text",
        "id": "social_youtube",
        "info": "https://www.youtube.com/user/shopify",
        "label": "YouTube"
      },
      {
        "type": "text",
        "id": "social_linkedin",
        "info": "https://linkedin.com/in/shopify",
        "label": "LinkedIn"
      },
      {
        "type": "text",
        "id": "social_snapchat",
        "info": "https://snapchat.com/add/shopify",
        "label": "Snapchat"
      },
      {
        "type": "text",
        "id": "social_fancy",
        "info": "https://fancy.com/Shopify",
        "label": "Fancy"
      }
    ]
  },
  {
    "name": "Favicon",
    "settings": [
      {
        "type": "image_picker",
        "id": "favicon",
        "label": "Imagen",
        "info": "96 x 96px .png recommended"
      }
    ]
  }
]
